{
    "{{environnement}}" : {
        "encryption" : {
            "method"   : "aes128",
            "password" : "{{cipherKey}}"
        },
        "jwt" : {
            "secret"  : "{{secretKey}}",
            "options" : {
                "session" : true
            }
        },
        "ssl": {
            "active": false,
            "key": "",
            "cert": ""
        },
        "logs": {
          "type": {
            "console": true,
            "file": false
          },
          "http": false,
          "override": false
        },
        "devMode": {
            "compile": true,
            "mailTo": ""
        }
    }
}
