{
    "/api/v2/auth/login/{from}": {
        "post": {
            "deprecated": false,
            "security": [],
            "responses": {
                "200": {
                    "description": "success",
                    "content": {
                        "application/json": {
                            "schema": {
                                "description": "Allow you to connect to the website with your username and password",
                                "properties": {
                                    "code": {
                                        "type": "string"
                                    },
                                    "data": {
                                        "type": "string"
                                    }
                                }
                            }
                        }
                    }
                }
            },
            "parameters": [
                {
                    "name": "from",
                    "in": "path",
                    "description": "Use 'admin' to authenticate an admin",
                    "required": false,
                    "deprecated": false,
                    "schema": {
                        "type": "string"
                    }
                }
            ],
            "requestBody": {
                "content": {
                    "application/json": {
                        "schema": {
                            "description": "",
                            "properties": {
                                "username": {
                                    "type": "string"
                                },
                                "password": {
                                    "type": "string"
                                }
                            }
                        }
                    }
                },
                "description": "PostBody",
                "required": false
            },
            "tags": [
                "Auth"
            ]
            
        }
    },
    "/api/v2/auth/isauthenticated": {
        "get": {
            "deprecated": false,
            "security": [{"admin_authorization": []}],
            "responses": {
                "200": {
                    "description": "success",
                    "content": {
                        "application/json": {
                            "schema": {
                                    "code": {"type":"string"},
                                    "isAuthenticate": {"type":"boolean"},
                                    "user": {
                                        "delivery_address": {"type":"string or -1"},
                                        "billing_address": {"type":"string or -1"},
                                        "isAdmin": {"type":"boolean"},
                                        "taxDisplay": {"type":"boolean"},
                                        "isActive": {"type":"boolean"},
                                        "isActiveAccount": {"type":"boolean"},
                                        "accessList": [],
                                        "_id": "ObjectID",
                                        "firstname": {"type":"string"},
                                        "lastname": {"type":"string"},
                                        "email": {"type":"string"},
                                        "addresses":{"type": "array"},
                                        "attributes": {"type": "array"},
                                        "createdAt": {"type":"date"},
                                        "updatedAt": {"type":"date"},
                                        "__v": {"type":"number"},
                                        "lastConnexion": {"type":"date"},
                                        "fullname": {"type":"string"}
                                    },
                                    "data": {"type":"string"}           
                            },
                            "examples":{
                                "example1":{
                                    "summary": "",
                                    "description": "ONLY FOR ADMIN : return the datas of your account",                                    
                                    "value": {"code":"AUTHENTICATED","isAuthenticate":true,"user":{"delivery_address":-1,"billing_address":-1,"isAdmin":true,"taxDisplay":true,"isActive":true,"isActiveAccount":false,"accessList":[],"_id":null,"firstname":"James","lastname":"BOND","email":"james.bond@007.com","addresses":[],"attributes":[],"createdAt":"2022-04-15T09:50:48.039Z","updatedAt":"2022-04-25T07:50:23.001Z","__v":0,"lastConnexion":"2022-04-25T07:50:23.001Z","fullname":"James BOND"},"data":"JWT ..."}
                                }

                            }
                        }
                    }
                }
            },
            "parameters": [],
            "tags": [
                "Auth"
            ]
        }
    },
    "/api/v2/auth/logout": {
        "get": {
            "deprecated": false,
            "security": [],
            "responses": {},
            "parameters": [],
            "tags": [
                "Auth"
            ]
        }
        
    }
}