{
    "/api/v2/cmsBlocks": {
        "post": {
            "deprecated": false,
            "security": [],
            "responses": {
                "200": {
                    "description": "Get all the cmsBlocks",
                    "content": {
                        "application/json": {
                            "schema": {
                                "description": "",
                                "properties": {
                                    "datas" : {
                                        "type": "array",
                                        "items": {
                                            "$ref": "#/components/schemas/cmsBlocksSchema"
                                        }
                                    },
                                    "count" : {"type": "number"}
                                }
                            }
                        }
                    }
                }
            },
            "parameters": [],
            "tags": [
                "CMSBlock"
            ],
            "requestBody": {
                "content": {
                    "application/json": {
                        "schema": {
                            "$ref": "#/components/schemas/PostBody"
                        },
                        "examples": {
                            "example1": {
                                "summary": "Get all CMSBlocks",
                                "description": "Get all CMSBlocks with the default fields for default language",
                                "value": {"PostBody":{"filter":{}}}
                            }
                        }
                    }
                },
                "description": "PostBody",
                "required": false
            }
        }
    },
    "/api/v2/cmsBlock": {
        "post": {
            "deprecated": false,
            "security": [],
            "responses": {
                "200": {
                    "description": "success",
                    "content": {
                        "application/json": {
                            "schema": {
                                "$ref": "#/components/schemas/cmsBlocksSchema"
                            }
                        }
                    }
                }
            },
            "parameters": [],
            "tags": [
                "CMSBlock"
            ],
            "requestBody": {
                "content": {
                    "application/json": {
                        "schema": {
                            "$ref": "#/components/schemas/PostBody"
                        },
                        "examples": {
                            "example1": {
                                "summary": "Get CMSBlock",
                                "description": "Get the CMSBlock for code 'mycode' with the default fields for default language",
                                "value": {"PostBody":{"filter":{"code": "mycode"}}}
                            }
                        }
                    }
                },
                "description": "PostBody",
                "required": false
            }
        },
        "put": {
            "deprecated": false,
            "security": [{"admin_authorization": []}],
            "responses": {
                "200": {
                    "description": "success",
                    "content": {
                        "application/json": {
                            "schema": {
                                "$ref": "#/components/schemas/cmsBlocksSchema"
                            }
                        }
                    }
                }
            },
            "parameters": [],
            "tags": [
                "CMSBlock"
            ],
            "requestBody": {
                "content": {
                    "application/json": {
                        "schema": {
                            "$ref": "#/components/schemas/PostBody"
                        },
                        "examples": {
                            "example1": {
                                "summary": "Update a CMSBlock",
                                "description": "Update the english description of a CMSBlock for the matched _id",
                                "value": {
                                    "_id": "myId",
                                    "translation.en.description": "New description in english"
                                }
                            }
                        }
                    }
                },
                "description": "PostBody",
                "required": false
            }
        }
    },
    "/api/v2/cmsBlock/{code}": {
        "post": {
            "deprecated": false,
            "security": [],
            "responses": {
                "200": {
                    "description": "success",
                    "content": {
                        "application/json": {
                            "schema": {
                                "$ref": "#/components/schemas/cmsBlocksSchema"
                            }
                        }
                    }
                }
            },
            "parameters": [],
            "tags": [
                "CMSBlock"
            ],
            "requestBody": {
                "content": {
                    "application/json": {
                        "schema": {
                            "$ref": "#/components/schemas/PostBody"
                        },
                        "examples": {
                            "example1": {
                                "summary": "Get CMSBlock",
                                "description": "Get the CMSBlock for code 'mycode' with the default fields for default language",
                                "value": {"PostBody":{"filter":{"code": "mycode"}}}
                            }
                        }
                    }
                },
                "description": "PostBody",
                "required": false
            }
        },
        "delete": {
            "deprecated": false,
            "security": [{"admin_authorization": []}],
            "responses": {},
            "parameters": [
                {
                    "name": "code",
                    "in": "path",
                    "description": "",
                    "required": true,
                    "schema": {
                        "type": "string"
                    }
                }
            ],
            "tags": [
                "CMSBlock"
            ]
        }
    }
}