{
    "/api/v2/languages": {
        "post": {
            "deprecated": false,
            "security": [],
            "responses": {
                "200": {
                    "description": "Return all the languages available on your website",
                    "content": {
                        "application/json": {
                            "schema": {
                                "$ref": "#/components/schemas/languagesSchema"
                            }
                        }
                    }
                }
            },
            "parameters": [],
            "tags": [
                "Language"
            ],
            "requestBody": {
                "content": {
                    "application/json": {
                        "schema": {
                            "$ref": "#/components/schemas/PostBody"
                        }
                    }
                },
                "description": "PostBody",
                "required": false
            }
        }
    }
}