{
    "/api/v2/site/news": {
        "post": {
            "deprecated": false,
            "security": [],
            "responses": {
                "200": {
                    "description": "success",
                    "content": {
                        "application/json": {
                            "schema": {
                                "$ref": "#/components/schemas/newsSchema"
                            }
                        }
                    }
                }
            },
            "parameters": [],
            "tags": [
                "News"
            ],
            "requestBody": {
                "content": {
                    "application/json": {
                        "schema": {
                            "$ref": "#/components/schemas/PostBody"
                        },
                        "examples": {
                            "example1": {
                                "summary": "Get all news",
                                "description": "Get 10 news with default fields for current language",
                                "value": {"PostBody":{"filter": {}, "limit": 10, "page": 1}}
                            },
                            "example2": {
                                "summary": "Get a news with a slug",
                                "description": "Get a news from a slug",
                                "value": {"PostBody":{"filter":{"translation.fr.slug": "THE_SLUG"},"limit":1}}
                            },
                            "example3": {
                                "summary": "Get all news with tags",
                                "description": "Get 10 news with a certain tag",
                                "value": {"PostBody": {"limit": 10, "filter": {"translation.fr.tags": {"$in": ["mytag"]}}}}
                            }
                        }
                    }
                },
                "description": "PostBody",
                "required": false
            }
        }
    },
    "/api/v2/site/new": {
        "post": {
            "deprecated": false,
            "security": [],
            "responses": {
                "200": {
                    "description": "success",
                    "content": {
                        "application/json": {
                            "schema": {
                                "$ref": "#/components/schemas/newsSchema"
                            }
                        }
                    }
                }
            },
            "parameters": [],
            "tags": [
                "News"
            ],
            "requestBody": {
                "content": {
                    "application/json": {
                        "schema": {
                            "$ref": "#/components/schemas/PostBody"
                        },
                        "examples": {
                            "example1": {
                                "summary": "Get a new with id",
                                "description": "Get a specific new in french with default structure",
                                "value": {"lang":"fr", "PostBody":{"filter": {"_id": "THE_ID"}}}
                            }
                        }
                    }
                },
                "description": "PostBody",
                "required": false
            }
        },
        "put": {
            "deprecated": false,
            "security": [{"admin_authorization": []}],
            "responses": {
                "200": {
                    "description": "success",
                    "content": {
                        "application/json": {
                            "schema": {
                                "$ref": "#/components/schemas/newsSchema"
                            }
                        }
                    }
                }
            },
            "parameters": [],
            "tags": [
                "News"
            ],
            "requestBody": {
                "content": {
                    "application/json": {
                        "schema": {
                            "$ref": "#/components/schemas/PostBody"
                        }
                    }
                },
                "description": "Add a news on the website",
                "required": false
            }
        }
    },
    "/api/v2/site/news/tags": {
        "post": {
            "deprecated": false,
            "security": [],
            "responses": {
                "200": {
                    "description": "success",
                    "content": {
                        "application/json": {
                            "schema": {
                                "datas": {
                                    "type": "array",
                                    "items": {
                                        "tag": {"type": "string"}
                                    }
                                }
                            }
                        }
                    }
                }
            },
            "parameters": [],
            "tags": [
                "News"
            ],
            "requestBody": {
                "content": {
                    "application/json": {
                        "schema": {
                            "$ref": "#/components/schemas/PostBody"
                        },
                        "examples": {
                            "example1": {
                                "summary": "Get tags",
                                "description": "Get a list of tags that contain the query",
                                "value": {"PostBody": {"filter": {"lang": "fr", "tags": "query"}}}
                            }
                        }
                    }
                },
                "description": "PostBody",
                "required": false
            }
        }
    },
    "/api/v2/site/new/{_id}": {
        "delete": {
            "deprecated": false,
            "security": [{"admin_authorization": []}],
            "responses": {},
            "parameters": [
                {
                    "name": "_id",
                    "in": "path",
                    "description": "",
                    "required": true,
                    "schema": {
                        "type": "string"
                    }
                }
            ],
            "tags": [
                "News"
            ]
        }
    }
}